year,temples,uniq_dom,uniq_for,uniq_total,pday_dom,pday_for,pday_total,source
2002,33,1299,1259,2558,5196,6518,11714,템플스테이 20년사 p.272 연도별 사찰수 및 참가자수
2003,16,33580,1554,35134,102755,4755,107510,템플스테이 20년사 p.272 연도별 사찰수 및 참가자수
2004,36,33695,3207,36902,103218,7414,110632,템플스테이 20년사 p.272 연도별 사찰수 및 참가자수
2005,41,45932,6617,52549,107247,11206,118453,템플스테이 20년사 p.272 연도별 사찰수 및 참가자수
2006,50,61417,9497,70914,134613,14563,149176,템플스테이 20년사 p.272 연도별 사찰수 및 참가자수
2007,74,68119,13533,81652,170506,25650,196156,템플스테이 20년사 p.272 연도별 사찰수 및 참가자수
2008,87,92694,20106,112800,225578,32937,258515,템플스테이 20년사 p.272 연도별 사찰수 및 참가자수
2009,102,121494,19399,140893,279418,31426,310844,템플스테이 20년사 p.272 연도별 사찰수 및 참가자수
2010,109,152937,20045,172982,335832,30392,366224,템플스테이 20년사 p.272 연도별 사찰수 및 참가자수
2011,118,187937,24550,212487,382157,37403,419560,템플스테이 20년사 p.272 연도별 사찰수 및 참가자수
2012,109,146640,23752,170392,316303,40177,356480,템플스테이 20년사 p.272 연도별 사찰수 및 참가자수
2013,114,164853,21743,186596,345579,37095,382674,템플스테이 20년사 p.272 연도별 사찰수 및 참가자수
2014,110,167828,25560,193388,331620,42334,373954,템플스테이 20년사 p.272 연도별 사찰수 및 참가자수
2015,122,184275,28014,212289,363124,46525,409649,템플스테이 20년사 p.272 연도별 사찰수 및 참가자수
2016,123,186186,36536,222722,358965,55787,414752,템플스테이 20년사 p.272 연도별 사찰수 및 참가자수
2017,137,229264,47221,276485,416454,70910,487364,템플스테이 20년사 p.272 연도별 사찰수 및 참가자수
2018,135,233319,53291,286610,438327,77091,515418,템플스테이 20년사 p.272 연도별 사찰수 및 참가자수
2019,137,247738,47058,294796,458730,70520,529250,템플스테이 20년사 p.272 연도별 사찰수 및 참가자수
2020,139,111197,4760,115957,230888,7500,238388,템플스테이 20년사 p.272 연도별 사찰수 및 참가자수
2021,141,115946,4021,119967,251319,6705,258024,템플스테이 20년사 p.272 연도별 사찰수 및 참가자수
2022,143,191592,26587,218179,,,,연합뉴스 AKR20260115161800005 (한국불교문화사업단 제공)
2023,150,236136,50469,286605,,,,연합뉴스 AKR20260115161800005 (한국불교문화사업단 제공)
2024,154,283454,48843,332297,,,,연합뉴스 AKR20260115161800005 (한국불교문화사업단 제공)
2025,158,293704,55515,349219,,,,연합뉴스 AKR20260115161800005 (한국불교문화사업단 제공)
